x-axis,1
second,Volt
-50.00000E+00,
-49.96094E+00,
-49.92188E+00,
-49.88281E+00,
-49.84375E+00,
-49.80469E+00,
-49.76563E+00,
-49.72656E+00,
-49.68750E+00,
-49.64844E+00,
-49.60938E+00,
-49.57031E+00,
-49.53125E+00,
-49.49219E+00,
-49.45313E+00,
-49.41406E+00,
-49.37500E+00,
-49.33594E+00,
-49.29688E+00,
-49.25781E+00,
-49.21875E+00,
-49.17969E+00,
-49.14063E+00,
-49.10156E+00,
-49.06250E+00,
-49.02344E+00,
-48.98438E+00,
-48.94531E+00,
-48.90625E+00,
-48.86719E+00,
-48.82813E+00,
-48.78906E+00,
-48.75000E+00,
-48.71094E+00,
-48.67188E+00,
-48.63281E+00,
-48.59375E+00,
-48.55469E+00,
-48.51563E+00,
-48.47656E+00,
-48.43750E+00,
-48.39844E+00,
-48.35938E+00,
-48.32031E+00,
-48.28125E+00,
-48.24219E+00,
-48.20313E+00,
-48.16406E+00,
-48.12500E+00,
-48.08594E+00,
-48.04688E+00,
-48.00781E+00,
-47.96875E+00,
-47.92969E+00,
-47.89063E+00,
-47.85156E+00,
-47.81250E+00,
-47.77344E+00,
-47.73438E+00,
-47.69531E+00,
-47.65625E+00,
-47.61719E+00,
-47.57813E+00,
-47.53906E+00,
-47.50000E+00,
-47.46094E+00,
-47.42188E+00,
-47.38281E+00,
-47.34375E+00,
-47.30469E+00,
-47.26563E+00,
-47.22656E+00,
-47.18750E+00,
-47.14844E+00,
-47.10938E+00,
-47.07031E+00,
-47.03125E+00,
-46.99219E+00,
-46.95313E+00,
-46.91406E+00,
-46.87500E+00,
-46.83594E+00,
-46.79688E+00,
-46.75781E+00,
-46.71875E+00,
-46.67969E+00,
-46.64063E+00,
-46.60156E+00,
-46.56250E+00,
-46.52344E+00,
-46.48438E+00,
-46.44531E+00,
-46.40625E+00,
-46.36719E+00,
-46.32813E+00,
-46.28906E+00,
-46.25000E+00,
-46.21094E+00,
-46.17188E+00,
-46.13281E+00,
-46.09375E+00,
-46.05469E+00,
-46.01563E+00,
-45.97656E+00,
-45.93750E+00,
-45.89844E+00,
-45.85938E+00,
-45.82031E+00,
-45.78125E+00,
-45.74219E+00,
-45.70313E+00,
-45.66406E+00,
-45.62500E+00,
-45.58594E+00,
-45.54688E+00,
-45.50781E+00,
-45.46875E+00,
-45.42969E+00,
-45.39063E+00,
-45.35156E+00,
-45.31250E+00,
-45.27344E+00,
-45.23438E+00,
-45.19531E+00,
-45.15625E+00,
-45.11719E+00,
-45.07813E+00,
-45.03906E+00,
-45.00000E+00,
-44.96094E+00,
-44.92188E+00,
-44.88281E+00,
-44.84375E+00,
-44.80469E+00,
-44.76563E+00,
-44.72656E+00,
-44.68750E+00,
-44.64844E+00,
-44.60938E+00,
-44.57031E+00,
-44.53125E+00,
-44.49219E+00,
-44.45313E+00,
-44.41406E+00,
-44.37500E+00,
-44.33594E+00,
-44.29688E+00,
-44.25781E+00,
-44.21875E+00,
-44.17969E+00,
-44.14063E+00,
-44.10156E+00,
-44.06250E+00,
-44.02344E+00,
-43.98438E+00,
-43.94531E+00,
-43.90625E+00,
-43.86719E+00,
-43.82813E+00,
-43.78906E+00,
-43.75000E+00,
-43.71094E+00,
-43.67188E+00,
-43.63281E+00,
-43.59375E+00,
-43.55469E+00,
-43.51563E+00,
-43.47656E+00,
-43.43750E+00,
-43.39844E+00,
-43.35938E+00,
-43.32031E+00,
-43.28125E+00,
-43.24219E+00,
-43.20313E+00,
-43.16406E+00,
-43.12500E+00,
-43.08594E+00,
-43.04688E+00,
-43.00781E+00,
-42.96875E+00,
-42.92969E+00,
-42.89063E+00,
-42.85156E+00,
-42.81250E+00,
-42.77344E+00,
-42.73438E+00,
-42.69531E+00,
-42.65625E+00,
-42.61719E+00,
-42.57813E+00,
-42.53906E+00,
-42.50000E+00,
-42.46094E+00,
-42.42188E+00,
-42.38281E+00,
-42.34375E+00,
-42.30469E+00,
-42.26563E+00,
-42.22656E+00,
-42.18750E+00,
-42.14844E+00,
-42.10938E+00,
-42.07031E+00,
-42.03125E+00,
-41.99219E+00,
-41.95313E+00,
-41.91406E+00,
-41.87500E+00,
-41.83594E+00,
-41.79688E+00,
-41.75781E+00,
-41.71875E+00,
-41.67969E+00,
-41.64063E+00,
-41.60156E+00,
-41.56250E+00,
-41.52344E+00,
-41.48438E+00,
-41.44531E+00,
-41.40625E+00,
-41.36719E+00,
-41.32813E+00,
-41.28906E+00,
-41.25000E+00,
-41.21094E+00,
-41.17188E+00,
-41.13281E+00,
-41.09375E+00,
-41.05469E+00,
-41.01563E+00,
-40.97656E+00,
-40.93750E+00,
-40.89844E+00,
-40.85938E+00,
-40.82031E+00,
-40.78125E+00,
-40.74219E+00,
-40.70313E+00,
-40.66406E+00,
-40.62500E+00,
-40.58594E+00,
-40.54688E+00,
-40.50781E+00,
-40.46875E+00,
-40.42969E+00,
-40.39063E+00,
-40.35156E+00,
-40.31250E+00,
-40.27344E+00,
-40.23438E+00,
-40.19531E+00,
-40.15625E+00,
-40.11719E+00,
-40.07813E+00,
-40.03906E+00,
-40.00000E+00,
-39.96094E+00,
-39.92188E+00,
-39.88281E+00,
-39.84375E+00,
-39.80469E+00,
-39.76563E+00,
-39.72656E+00,
-39.68750E+00,
-39.64844E+00,
-39.60938E+00,
-39.57031E+00,
-39.53125E+00,
-39.49219E+00,
-39.45313E+00,
-39.41406E+00,
-39.37500E+00,
-39.33594E+00,
-39.29688E+00,
-39.25781E+00,
-39.21875E+00,
-39.17969E+00,
-39.14063E+00,
-39.10156E+00,
-39.06250E+00,
-39.02344E+00,
-38.98438E+00,
-38.94531E+00,
-38.90625E+00,
-38.86719E+00,
-38.82813E+00,
-38.78906E+00,
-38.75000E+00,
-38.71094E+00,
-38.67188E+00,
-38.63281E+00,
-38.59375E+00,
-38.55469E+00,
-38.51563E+00,
-38.47656E+00,
-38.43750E+00,
-38.39844E+00,
-38.35938E+00,
-38.32031E+00,
-38.28125E+00,
-38.24219E+00,
-38.20313E+00,
-38.16406E+00,
-38.12500E+00,
-38.08594E+00,
-38.04688E+00,
-38.00781E+00,
-37.96875E+00,
-37.92969E+00,
-37.89063E+00,
-37.85156E+00,
-37.81250E+00,
-37.77344E+00,
-37.73438E+00,
-37.69531E+00,
-37.65625E+00,
-37.61719E+00,
-37.57813E+00,
-37.53906E+00,
-37.50000E+00,
-37.46094E+00,
-37.42188E+00,
-37.38281E+00,
-37.34375E+00,
-37.30469E+00,
-37.26563E+00,
-37.22656E+00,
-37.18750E+00,
-37.14844E+00,
-37.10938E+00,
-37.07031E+00,
-37.03125E+00,
-36.99219E+00,
-36.95313E+00,
-36.91406E+00,
-36.87500E+00,
-36.83594E+00,
-36.79688E+00,
-36.75781E+00,
-36.71875E+00,
-36.67969E+00,
-36.64063E+00,
-36.60156E+00,
-36.56250E+00,
-36.52344E+00,
-36.48438E+00,
-36.44531E+00,
-36.40625E+00,
-36.36719E+00,
-36.32813E+00,
-36.28906E+00,
-36.25000E+00,
-36.21094E+00,
-36.17188E+00,
-36.13281E+00,
-36.09375E+00,
-36.05469E+00,
-36.01563E+00,
-35.97656E+00,
-35.93750E+00,
-35.89844E+00,
-35.85938E+00,
-35.82031E+00,
-35.78125E+00,
-35.74219E+00,
-35.70313E+00,
-35.66406E+00,
-35.62500E+00,
-35.58594E+00,
-35.54688E+00,
-35.50781E+00,
-35.46875E+00,
-35.42969E+00,
-35.39063E+00,
-35.35156E+00,
-35.31250E+00,
-35.27344E+00,
-35.23438E+00,
-35.19531E+00,
-35.15625E+00,
-35.11719E+00,
-35.07813E+00,
-35.03906E+00,
-35.00000E+00,
-34.96094E+00,
-34.92188E+00,
-34.88281E+00,
-34.84375E+00,
-34.80469E+00,
-34.76563E+00,
-34.72656E+00,
-34.68750E+00,
-34.64844E+00,
-34.60938E+00,
-34.57031E+00,
-34.53125E+00,
-34.49219E+00,
-34.45313E+00,
-34.41406E+00,
-34.37500E+00,
-34.33594E+00,
-34.29688E+00,
-34.25781E+00,
-34.21875E+00,
-34.17969E+00,
-34.14063E+00,
-34.10156E+00,
-34.06250E+00,
-34.02344E+00,
-33.98438E+00,
-33.94531E+00,
-33.90625E+00,
-33.86719E+00,
-33.82813E+00,
-33.78906E+00,
-33.75000E+00,
-33.71094E+00,
-33.67188E+00,
-33.63281E+00,
-33.59375E+00,
-33.55469E+00,
-33.51563E+00,
-33.47656E+00,
-33.43750E+00,
-33.39844E+00,
-33.35938E+00,
-33.32031E+00,
-33.28125E+00,
-33.24219E+00,
-33.20313E+00,
-33.16406E+00,
-33.12500E+00,
-33.08594E+00,
-33.04688E+00,
-33.00781E+00,
-32.96875E+00,
-32.92969E+00,
-32.89063E+00,
-32.85156E+00,
-32.81250E+00,
-32.77344E+00,
-32.73438E+00,
-32.69531E+00,
-32.65625E+00,
-32.61719E+00,
-32.57813E+00,
-32.53906E+00,
-32.50000E+00,
-32.46094E+00,
-32.42188E+00,
-32.38281E+00,
-32.34375E+00,
-32.30469E+00,
-32.26563E+00,
-32.22656E+00,
-32.18750E+00,
-32.14844E+00,
-32.10938E+00,
-32.07031E+00,
-32.03125E+00,
-31.99219E+00,
-31.95313E+00,
-31.91406E+00,
-31.87500E+00,
-31.83594E+00,
-31.79688E+00,
-31.75781E+00,
-31.71875E+00,
-31.67969E+00,
-31.64063E+00,
-31.60156E+00,
-31.56250E+00,
-31.52344E+00,
-31.48438E+00,
-31.44531E+00,
-31.40625E+00,
-31.36719E+00,
-31.32813E+00,
-31.28906E+00,
-31.25000E+00,
-31.21094E+00,
-31.17188E+00,
-31.13281E+00,
-31.09375E+00,
-31.05469E+00,
-31.01563E+00,
-30.97656E+00,
-30.93750E+00,
-30.89844E+00,
-30.85938E+00,
-30.82031E+00,
-30.78125E+00,
-30.74219E+00,
-30.70313E+00,
-30.66406E+00,
-30.62500E+00,
-30.58594E+00,
-30.54688E+00,
-30.50781E+00,
-30.46875E+00,
-30.42969E+00,
-30.39063E+00,
-30.35156E+00,
-30.31250E+00,
-30.27344E+00,
-30.23438E+00,
-30.19531E+00,
-30.15625E+00,
-30.11719E+00,
-30.07813E+00,
-30.03906E+00,
-30.00000E+00,
-29.96094E+00,
-29.92188E+00,
-29.88281E+00,
-29.84375E+00,
-29.80469E+00,
-29.76563E+00,
-29.72656E+00,
-29.68750E+00,
-29.64844E+00,
-29.60938E+00,
-29.57031E+00,
-29.53125E+00,
-29.49219E+00,
-29.45313E+00,
-29.41406E+00,
-29.37500E+00,
-29.33594E+00,
-29.29688E+00,
-29.25781E+00,
-29.21875E+00,
-29.17969E+00,
-29.14063E+00,
-29.10156E+00,
-29.06250E+00,
-29.02344E+00,
-28.98438E+00,
-28.94531E+00,
-28.90625E+00,
-28.86719E+00,
-28.82813E+00,
-28.78906E+00,
-28.75000E+00,
-28.71094E+00,
-28.67188E+00,
-28.63281E+00,
-28.59375E+00,
-28.55469E+00,
-28.51563E+00,
-28.47656E+00,
-28.43750E+00,
-28.39844E+00,
-28.35938E+00,
-28.32031E+00,
-28.28125E+00,
-28.24219E+00,
-28.20313E+00,
-28.16406E+00,
-28.12500E+00,
-28.08594E+00,
-28.04688E+00,
-28.00781E+00,
-27.96875E+00,
-27.92969E+00,
-27.89063E+00,
-27.85156E+00,
-27.81250E+00,
-27.77344E+00,
-27.73438E+00,
-27.69531E+00,
-27.65625E+00,
-27.61719E+00,
-27.57813E+00,
-27.53906E+00,
-27.50000E+00,
-27.46094E+00,
-27.42188E+00,
-27.38281E+00,
-27.34375E+00,
-27.30469E+00,
-27.26563E+00,
-27.22656E+00,
-27.18750E+00,
-27.14844E+00,
-27.10938E+00,
-27.07031E+00,
-27.03125E+00,
-26.99219E+00,
-26.95313E+00,
-26.91406E+00,
-26.87500E+00,
-26.83594E+00,
-26.79688E+00,
-26.75781E+00,
-26.71875E+00,
-26.67969E+00,
-26.64063E+00,
-26.60156E+00,
-26.56250E+00,
-26.52344E+00,
-26.48438E+00,
-26.44531E+00,
-26.40625E+00,
-26.36719E+00,
-26.32813E+00,
-26.28906E+00,
-26.25000E+00,
-26.21094E+00,
-26.17188E+00,
-26.13281E+00,
-26.09375E+00,
-26.05469E+00,
-26.01563E+00,
-25.97656E+00,
-25.93750E+00,
-25.89844E+00,
-25.85938E+00,
-25.82031E+00,
-25.78125E+00,
-25.74219E+00,
-25.70313E+00,
-25.66406E+00,
-25.62500E+00,
-25.58594E+00,
-25.54688E+00,
-25.50781E+00,
-25.46875E+00,
-25.42969E+00,
-25.39063E+00,
-25.35156E+00,
-25.31250E+00,
-25.27344E+00,
-25.23438E+00,
-25.19531E+00,+589.51E-03
-25.15625E+00,+590.77E-03
-25.11719E+00,+590.77E-03
-25.07813E+00,+590.77E-03
-25.03906E+00,+590.77E-03
-25.00000E+00,+590.77E-03
-24.96094E+00,+590.77E-03
-24.92188E+00,+590.77E-03
-24.88281E+00,+589.51E-03
-24.84375E+00,+589.51E-03
-24.80469E+00,+589.51E-03
-24.76563E+00,+589.51E-03
-24.72656E+00,+590.77E-03
-24.68750E+00,+590.77E-03
-24.64844E+00,+590.77E-03
-24.60938E+00,+590.77E-03
-24.57031E+00,+589.51E-03
-24.53125E+00,+589.51E-03
-24.49219E+00,+590.77E-03
-24.45313E+00,+589.51E-03
-24.41406E+00,+589.51E-03
-24.37500E+00,+590.77E-03
-24.33594E+00,+589.51E-03
-24.29688E+00,+589.51E-03
-24.25781E+00,+590.77E-03
-24.21875E+00,+590.77E-03
-24.17969E+00,+589.51E-03
-24.14063E+00,+590.77E-03
-24.10156E+00,+589.51E-03
-24.06250E+00,+589.51E-03
-24.02344E+00,+590.77E-03
-23.98438E+00,+589.51E-03
-23.94531E+00,+589.51E-03
-23.90625E+00,+594.54E-03
-23.86719E+00,+598.31E-03
-23.82813E+00,+598.31E-03
-23.78906E+00,+598.31E-03
-23.75000E+00,+598.31E-03
-23.71094E+00,+598.31E-03
-23.67188E+00,+598.31E-03
-23.63281E+00,+598.31E-03
-23.59375E+00,+598.31E-03
-23.55469E+00,+604.59E-03
-23.51563E+00,+618.41E-03
-23.47656E+00,+618.41E-03
-23.43750E+00,+618.41E-03
-23.39844E+00,+618.41E-03
-23.35938E+00,+618.41E-03
-23.32031E+00,+618.41E-03
-23.28125E+00,+618.41E-03
-23.24219E+00,+618.41E-03
-23.20313E+00,+618.41E-03
-23.16406E+00,+618.41E-03
-23.12500E+00,+618.41E-03
-23.08594E+00,+618.41E-03
-23.04688E+00,+604.59E-03
-23.00781E+00,+612.12E-03
-22.96875E+00,+605.84E-03
-22.92969E+00,+564.39E-03
-22.89063E+00,+561.87E-03
-22.85156E+00,+607.10E-03
-22.81250E+00,+688.76E-03
-22.77344E+00,+831.97E-03
-22.73438E+00,+1.05434E+00
-22.69531E+00,+1.36841E+00
-22.65625E+00,+1.73147E+00
-22.61719E+00,+2.00534E+00
-22.57813E+00,+2.10710E+00
-22.53906E+00,+2.20760E+00
-22.50000E+00,+2.29429E+00
-22.46094E+00,+2.37971E+00
-22.42188E+00,+2.43122E+00
-22.38281E+00,+2.51665E+00
-22.34375E+00,+2.53800E+00
-22.30469E+00,+2.61464E+00
-22.26563E+00,+2.67996E+00
-22.22656E+00,+2.73147E+00
-22.18750E+00,+2.73147E+00
-22.14844E+00,+2.73775E+00
-22.10938E+00,+2.77544E+00
-22.07031E+00,+2.75408E+00
-22.03125E+00,+2.67117E+00
-21.99219E+00,+2.64981E+00
-21.95313E+00,+2.61338E+00
-21.91406E+00,+2.50911E+00
-21.87500E+00,+2.40986E+00
-21.83594E+00,+2.26037E+00
-21.79688E+00,+2.14856E+00
-21.75781E+00,+2.06062E+00
-21.71875E+00,+1.90735E+00
-21.67969E+00,+1.89604E+00
-21.64063E+00,+1.90986E+00
-21.60156E+00,+1.89604E+00
-21.56250E+00,+1.92996E+00
-21.52344E+00,+1.98524E+00
-21.48438E+00,+2.05434E+00
-21.44531E+00,+2.13851E+00
-21.40625E+00,+2.25785E+00
-21.36719E+00,+2.37469E+00
-21.32813E+00,+2.49278E+00
-21.28906E+00,+2.57192E+00
-21.25000E+00,+2.64856E+00
-21.21094E+00,+2.71765E+00
-21.17188E+00,+2.73273E+00
-21.13281E+00,+2.71640E+00
-21.09375E+00,+2.73524E+00
-21.05469E+00,+2.74403E+00
-21.01563E+00,+2.72519E+00
-20.97656E+00,+2.71891E+00
-20.93750E+00,+2.65861E+00
-20.89844E+00,+2.51539E+00
-20.85938E+00,+2.37971E+00
-20.82031E+00,+2.24780E+00
-20.78125E+00,+2.11087E+00
-20.74219E+00,+1.92745E+00
-20.70313E+00,+1.90735E+00
-20.66406E+00,+1.85584E+00
-20.62500E+00,+1.82067E+00
-20.58594E+00,+1.83826E+00
-20.54688E+00,+1.89102E+00
-20.50781E+00,+1.92494E+00
-20.46875E+00,+1.97770E+00
-20.42969E+00,+2.01539E+00
-20.39063E+00,+2.07569E+00
-20.35156E+00,+2.15609E+00
-20.31250E+00,+2.26665E+00
-20.27344E+00,+2.36212E+00
-20.23438E+00,+2.42620E+00
-20.19531E+00,+2.45886E+00
-20.15625E+00,+2.49152E+00
-20.11719E+00,+2.52795E+00
-20.07813E+00,+2.53800E+00
-20.03906E+00,+2.53926E+00
-20.00000E+00,+2.55434E+00
-19.96094E+00,+2.59956E+00
-19.92188E+00,+2.60710E+00
-19.88281E+00,+2.55308E+00
-19.84375E+00,+2.61212E+00
-19.80469E+00,+2.52167E+00
-19.76563E+00,+2.53800E+00
-19.72656E+00,+2.46765E+00
-19.68750E+00,+2.39730E+00
-19.64844E+00,+2.42996E+00
-19.60938E+00,+2.46388E+00
-19.57031E+00,+2.40735E+00
-19.53125E+00,+2.39604E+00
-19.49219E+00,+2.43625E+00
-19.45313E+00,+2.42494E+00
-19.41406E+00,+2.35710E+00
-19.37500E+00,+2.28172E+00
-19.33594E+00,+2.21137E+00
-19.29688E+00,+2.14353E+00
-19.25781E+00,+2.10207E+00
-19.21875E+00,+2.08449E+00
-19.17969E+00,+2.06062E+00
-19.14063E+00,+2.05810E+00
-19.10156E+00,+2.08700E+00
-19.06250E+00,+2.09328E+00
-19.02344E+00,+2.15735E+00
-18.98438E+00,+2.21137E+00
-18.94531E+00,+2.28549E+00
-18.90625E+00,+2.38097E+00
-18.86719E+00,+2.41363E+00
-18.82813E+00,+2.43122E+00
-18.78906E+00,+2.46640E+00
-18.75000E+00,+2.46765E+00
-18.71094E+00,+2.48273E+00
-18.67188E+00,+2.51539E+00
-18.63281E+00,+2.54931E+00
-18.59375E+00,+2.55685E+00
-18.55469E+00,+2.54429E+00
-18.51563E+00,+2.57444E+00
-18.47656E+00,+2.58072E+00
-18.43750E+00,+2.56313E+00
-18.39844E+00,+2.52670E+00
-18.35938E+00,+2.46765E+00
-18.32031E+00,+2.42368E+00
-18.28125E+00,+2.34956E+00
-18.24219E+00,+2.24027E+00
-18.20313E+00,+2.21765E+00
-18.16406E+00,+2.20258E+00
-18.12500E+00,+2.15609E+00
-18.08594E+00,+2.13474E+00
-18.04688E+00,+2.16614E+00
-18.00781E+00,+2.18499E+00
-17.96875E+00,+2.22142E+00
-17.92969E+00,+2.27419E+00
-17.89063E+00,+2.32695E+00
-17.85156E+00,+2.36087E+00
-17.81250E+00,+2.40861E+00
-17.77344E+00,+2.47393E+00
-17.73438E+00,+2.51288E+00
-17.69531E+00,+2.53298E+00
-17.65625E+00,+2.55057E+00
-17.61719E+00,+2.55685E+00
-17.57813E+00,+2.52293E+00
-17.53906E+00,+2.52293E+00
-17.50000E+00,+2.54680E+00
-17.46094E+00,+2.57444E+00
-17.42188E+00,+2.56690E+00
-17.38281E+00,+2.51539E+00
-17.34375E+00,+2.50534E+00
-17.30469E+00,+2.51665E+00
-17.26563E+00,+2.46263E+00
-17.22656E+00,+2.44504E+00
-17.18750E+00,+2.41238E+00
-17.14844E+00,+2.32444E+00
-17.10938E+00,+2.31062E+00
-17.07031E+00,+2.32444E+00
-17.03125E+00,+2.27419E+00
-16.99219E+00,+2.23524E+00
-16.95313E+00,+2.21891E+00
-16.91406E+00,+2.23398E+00
-16.87500E+00,+2.25157E+00
-16.83594E+00,+2.28549E+00
-16.79688E+00,+2.33449E+00
-16.75781E+00,+2.34579E+00
-16.71875E+00,+2.35710E+00
-16.67969E+00,+2.39604E+00
-16.64063E+00,+2.41363E+00
-16.60156E+00,+2.43373E+00
-16.56250E+00,+2.47645E+00
-16.52344E+00,+2.51916E+00
-16.48438E+00,+2.56062E+00
-16.44531E+00,+2.59831E+00
-16.40625E+00,+2.61464E+00
-16.36719E+00,+2.61212E+00
-16.32813E+00,+2.56564E+00
-16.28906E+00,+2.55057E+00
-16.25000E+00,+2.59956E+00
-16.21094E+00,+2.53172E+00
-16.17188E+00,+2.46891E+00
-16.13281E+00,+2.48147E+00
-16.09375E+00,+2.36212E+00
-16.05469E+00,+2.39604E+00
-16.01563E+00,+2.39730E+00
-15.97656E+00,+2.35082E+00
-15.93750E+00,+2.35961E+00
-15.89844E+00,+2.41740E+00
-15.85938E+00,+2.45760E+00
-15.82031E+00,+2.50408E+00
-15.78125E+00,+2.53047E+00
-15.74219E+00,+2.52670E+00
-15.70313E+00,+2.50032E+00
-15.66406E+00,+2.49278E+00
-15.62500E+00,+2.51916E+00
-15.58594E+00,+2.53047E+00
-15.54688E+00,+2.50660E+00
-15.50781E+00,+2.47896E+00
-15.46875E+00,+2.47770E+00
-15.42969E+00,+2.51162E+00
-15.39063E+00,+2.53926E+00
-15.35156E+00,+2.53424E+00
-15.31250E+00,+2.52167E+00
-15.27344E+00,+2.54052E+00
-15.23438E+00,+2.55685E+00
-15.19531E+00,+2.54052E+00
-15.15625E+00,+2.57318E+00
-15.11719E+00,+2.52419E+00
-15.07813E+00,+2.55182E+00
-15.03906E+00,+2.59956E+00
-15.00000E+00,+2.58197E+00
-14.96094E+00,+2.53424E+00
-14.92188E+00,+2.49403E+00
-14.88281E+00,+2.51916E+00
-14.84375E+00,+2.53926E+00
-14.80469E+00,+2.50785E+00
-14.76563E+00,+2.45760E+00
-14.72656E+00,+2.45760E+00
-14.68750E+00,+2.50032E+00
-14.64844E+00,+2.49278E+00
-14.60938E+00,+2.46137E+00
-14.57031E+00,+2.50032E+00
-14.53125E+00,+2.53298E+00
-14.49219E+00,+2.51665E+00
-14.45313E+00,+2.50534E+00
-14.41406E+00,+2.52167E+00
-14.37500E+00,+2.53675E+00
-14.33594E+00,+2.51790E+00
-14.29688E+00,+2.45006E+00
-14.25781E+00,+2.48524E+00
-14.21875E+00,+2.51916E+00
-14.17969E+00,+2.52042E+00
-14.14063E+00,+2.49027E+00
-14.10156E+00,+2.47016E+00
-14.06250E+00,+2.52042E+00
-14.02344E+00,+2.53800E+00
-13.98438E+00,+2.52544E+00
-13.94531E+00,+2.53047E+00
-13.90625E+00,+2.53800E+00
-13.86719E+00,+2.51916E+00
-13.82813E+00,+2.52042E+00
-13.78906E+00,+2.51665E+00
-13.75000E+00,+2.48524E+00
-13.71094E+00,+2.50408E+00
-13.67188E+00,+2.54052E+00
-13.63281E+00,+2.51539E+00
-13.59375E+00,+2.45383E+00
-13.55469E+00,+2.47645E+00
-13.51563E+00,+2.51790E+00
-13.47656E+00,+2.49780E+00
-13.43750E+00,+2.44881E+00
-13.39844E+00,+2.43122E+00
-13.35938E+00,+2.48398E+00
-13.32031E+00,+2.53424E+00
-13.28125E+00,+2.49027E+00
-13.24219E+00,+2.50032E+00
-13.20313E+00,+2.53298E+00
-13.16406E+00,+2.54052E+00
-13.12500E+00,+2.54052E+00
-13.08594E+00,+2.53926E+00
-13.04688E+00,+2.53926E+00
-13.00781E+00,+2.56062E+00
-12.96875E+00,+2.56439E+00
-12.92969E+00,+2.53047E+00
-12.89063E+00,+2.51916E+00
-12.85156E+00,+2.54554E+00
-12.81250E+00,+2.54931E+00
-12.77344E+00,+2.52670E+00
-12.73438E+00,+2.51162E+00
-12.69531E+00,+2.53047E+00
-12.65625E+00,+2.50283E+00
-12.61719E+00,+2.50283E+00
-12.57813E+00,+2.49780E+00
-12.53906E+00,+2.45132E+00
-12.50000E+00,+2.48524E+00
-12.46094E+00,+2.48524E+00
-12.42188E+00,+2.45132E+00
-12.38281E+00,+2.49906E+00
-12.34375E+00,+2.51790E+00
-12.30469E+00,+2.49027E+00
-12.26563E+00,+2.51288E+00
-12.22656E+00,+2.52042E+00
-12.18750E+00,+2.50785E+00
-12.14844E+00,+2.53675E+00
-12.10938E+00,+2.54680E+00
-12.07031E+00,+2.52921E+00
-12.03125E+00,+2.53047E+00
-11.99219E+00,+2.56313E+00
-11.95313E+00,+2.59077E+00
-11.91406E+00,+2.57821E+00
-11.87500E+00,+2.53926E+00
-11.83594E+00,+2.51288E+00
-11.79688E+00,+2.54177E+00
-11.75781E+00,+2.54554E+00
-11.71875E+00,+2.49655E+00
-11.67969E+00,+2.47393E+00
-11.64063E+00,+2.53549E+00
-11.60156E+00,+2.50283E+00
-11.56250E+00,+2.53675E+00
-11.52344E+00,+2.58951E+00
-11.48438E+00,+2.60710E+00
-11.44531E+00,+2.62343E+00
-11.40625E+00,+2.61087E+00
-11.36719E+00,+2.60836E+00
-11.32813E+00,+2.60836E+00
-11.28906E+00,+2.64228E+00
-11.25000E+00,+2.59454E+00
-11.21094E+00,+2.57695E+00
-11.17188E+00,+2.61087E+00
-11.13281E+00,+2.57946E+00
-11.09375E+00,+2.57067E+00
-11.05469E+00,+2.56313E+00
-11.01563E+00,+2.52293E+00
-10.97656E+00,+2.52042E+00
-10.93750E+00,+2.45383E+00
-10.89844E+00,+2.47896E+00
-10.85938E+00,+2.51916E+00
-10.82031E+00,+2.51790E+00
-10.78125E+00,+2.50283E+00
-10.74219E+00,+2.50408E+00
-10.70313E+00,+2.53926E+00
-10.66406E+00,+2.53926E+00
-10.62500E+00,+2.55559E+00
-10.58594E+00,+2.61966E+00
-10.54688E+00,+2.65484E+00
-10.50781E+00,+2.64479E+00
-10.46875E+00,+2.57444E+00
-10.42969E+00,+2.55685E+00
-10.39063E+00,+2.59328E+00
-10.35156E+00,+2.57444E+00
-10.31250E+00,+2.52293E+00
-10.27344E+00,+2.53298E+00
-10.23438E+00,+2.51037E+00
-10.19531E+00,+2.47519E+00
-10.15625E+00,+2.50032E+00
-10.11719E+00,+2.50032E+00
-10.07813E+00,+2.47268E+00
-10.03906E+00,+2.49906E+00
-10.00000E+00,+2.52921E+00
-9.96094E+00,+2.50283E+00
-9.92188E+00,+2.50911E+00
-9.88281E+00,+2.53172E+00
-9.84375E+00,+2.48775E+00
-9.80469E+00,+2.52042E+00
-9.76563E+00,+2.54052E+00
-9.72656E+00,+2.52042E+00
-9.68750E+00,+2.43750E+00
-9.64844E+00,+2.47896E+00
-9.60938E+00,+2.51539E+00
-9.57031E+00,+2.50660E+00
-9.53125E+00,+2.48901E+00
-9.49219E+00,+2.49780E+00
-9.45313E+00,+2.51413E+00
-9.41406E+00,+2.53172E+00
-9.37500E+00,+2.56941E+00
-9.33594E+00,+2.59202E+00
-9.29688E+00,+2.59202E+00
-9.25781E+00,+2.60710E+00
-9.21875E+00,+2.61212E+00
-9.17969E+00,+2.59705E+00
-9.14063E+00,+2.60333E+00
-9.10156E+00,+2.58700E+00
-9.06250E+00,+2.57444E+00
-9.02344E+00,+2.56815E+00
-8.98438E+00,+2.53675E+00
-8.94531E+00,+2.53549E+00
-8.90625E+00,+2.50283E+00
-8.86719E+00,+2.48524E+00
-8.82813E+00,+2.50283E+00
-8.78906E+00,+2.47016E+00
-8.75000E+00,+2.49906E+00
-8.71094E+00,+2.53172E+00
-8.67188E+00,+2.53675E+00
-8.63281E+00,+2.55182E+00
-8.59375E+00,+2.56941E+00
-8.55469E+00,+2.53800E+00
-8.51563E+00,+2.50911E+00
-8.47656E+00,+2.51288E+00
-8.43750E+00,+2.53047E+00
-8.39844E+00,+2.54805E+00
-8.35938E+00,+2.53298E+00
-8.32031E+00,+2.51790E+00
-8.28125E+00,+2.53926E+00
-8.24219E+00,+2.53424E+00
-8.20313E+00,+2.52544E+00
-8.16406E+00,+2.52419E+00
-8.12500E+00,+2.47016E+00
-8.08594E+00,+2.48650E+00
-8.04688E+00,+2.49529E+00
-8.00781E+00,+2.43499E+00
-7.96875E+00,+2.51916E+00
-7.92969E+00,+2.51916E+00
-7.89063E+00,+2.50283E+00
-7.85156E+00,+2.53424E+00
-7.81250E+00,+2.55434E+00
-7.77344E+00,+2.55685E+00
-7.73438E+00,+2.56941E+00
-7.69531E+00,+2.60961E+00
-7.65625E+00,+2.63599E+00
-7.61719E+00,+2.60961E+00
-7.57813E+00,+2.56062E+00
-7.53906E+00,+2.55810E+00
-7.50000E+00,+2.56564E+00
-7.46094E+00,+2.50785E+00
-7.42188E+00,+2.47896E+00
-7.38281E+00,+2.52670E+00
-7.34375E+00,+2.55057E+00
-7.30469E+00,+2.57821E+00
-7.26563E+00,+2.60333E+00
-7.22656E+00,+2.65107E+00
-7.18750E+00,+2.69378E+00
-7.14844E+00,+2.70760E+00
-7.10938E+00,+2.69378E+00
-7.07031E+00,+2.74278E+00
-7.03125E+00,+2.81187E+00
-6.99219E+00,+2.81187E+00
-6.95313E+00,+2.73398E+00
-6.91406E+00,+2.76916E+00
-6.87500E+00,+2.77670E+00
-6.83594E+00,+2.67368E+00
-6.79688E+00,+2.66740E+00
-6.75781E+00,+2.67620E+00
-6.71875E+00,+2.63223E+00
-6.67969E+00,+2.58700E+00
-6.64063E+00,+2.60207E+00
-6.60156E+00,+2.61589E+00
-6.56250E+00,+2.57569E+00
-6.52344E+00,+2.54680E+00
-6.48438E+00,+2.52921E+00
-6.44531E+00,+2.47268E+00
-6.40625E+00,+2.43876E+00
-6.36719E+00,+2.38851E+00
-6.32813E+00,+2.30182E+00
-6.28906E+00,+2.27795E+00
-6.25000E+00,+2.30936E+00
-6.21094E+00,+2.31062E+00
-6.17188E+00,+2.32695E+00
-6.13281E+00,+2.32695E+00
-6.09375E+00,+2.36087E+00
-6.05469E+00,+2.34579E+00
-6.01563E+00,+2.35961E+00
-5.97656E+00,+2.40484E+00
-5.93750E+00,+2.46891E+00
-5.89844E+00,+2.48398E+00
-5.85938E+00,+2.49655E+00
-5.82031E+00,+2.54805E+00
-5.78125E+00,+2.59454E+00
-5.74219E+00,+2.61715E+00
-5.70313E+00,+2.60836E+00
-5.66406E+00,+2.59077E+00
-5.62500E+00,+2.61212E+00
-5.58594E+00,+2.63474E+00
-5.54688E+00,+2.61841E+00
-5.50781E+00,+2.62343E+00
-5.46875E+00,+2.63348E+00
-5.42969E+00,+2.55559E+00
-5.39063E+00,+2.54805E+00
-5.35156E+00,+2.49780E+00
-5.31250E+00,+2.46640E+00
-5.27344E+00,+2.44755E+00
-5.23438E+00,+2.37846E+00
-5.19531E+00,+2.39604E+00
-5.15625E+00,+2.41238E+00
-5.11719E+00,+2.42871E+00
-5.07813E+00,+2.43122E+00
-5.03906E+00,+2.41740E+00
-5.00000E+00,+2.42620E+00
-4.96094E+00,+2.46765E+00
-4.92188E+00,+2.49655E+00
-4.88281E+00,+2.50157E+00
-4.84375E+00,+2.52167E+00
-4.80469E+00,+2.55685E+00
-4.76563E+00,+2.59077E+00
-4.72656E+00,+2.60836E+00
-4.68750E+00,+2.61464E+00
-4.64844E+00,+2.63599E+00
-4.60938E+00,+2.64353E+00
-4.57031E+00,+2.60710E+00
-4.53125E+00,+2.61715E+00
-4.49219E+00,+2.65107E+00
-4.45313E+00,+2.60333E+00
-4.41406E+00,+2.55810E+00
-4.37500E+00,+2.58951E+00
-4.33594E+00,+2.46640E+00
-4.29688E+00,+2.48398E+00
-4.25781E+00,+2.40107E+00
-4.21875E+00,+2.36589E+00
-4.17969E+00,+2.39102E+00
-4.14063E+00,+2.35459E+00
-4.10156E+00,+2.37092E+00
-4.06250E+00,+2.41614E+00
-4.02344E+00,+2.44378E+00
-3.98438E+00,+2.48147E+00
-3.94531E+00,+2.51162E+00
-3.90625E+00,+2.52921E+00
-3.86719E+00,+2.54554E+00
-3.82813E+00,+2.58574E+00
-3.78906E+00,+2.63851E+00
-3.75000E+00,+2.66363E+00
-3.71094E+00,+2.65986E+00
-3.67188E+00,+2.60584E+00
-3.63281E+00,+2.56313E+00
-3.59375E+00,+2.59705E+00
-3.55469E+00,+2.62092E+00
-3.51563E+00,+2.58574E+00
-3.47656E+00,+2.52167E+00
-3.43750E+00,+2.59077E+00
-3.39844E+00,+2.55685E+00
-3.35938E+00,+2.48901E+00
-3.32031E+00,+2.51665E+00
-3.28125E+00,+2.55057E+00
-3.24219E+00,+2.59831E+00
-3.20313E+00,+2.60710E+00
-3.16406E+00,+2.59579E+00
-3.12500E+00,+2.61338E+00
-3.08594E+00,+2.64604E+00
-3.04688E+00,+2.62971E+00
-3.00781E+00,+2.57067E+00
-2.96875E+00,+2.54805E+00
-2.92969E+00,+2.53926E+00
-2.89063E+00,+2.52795E+00
-2.85156E+00,+2.54554E+00
-2.81250E+00,+2.55057E+00
-2.77344E+00,+2.53172E+00
-2.73438E+00,+2.53549E+00
-2.69531E+00,+2.59077E+00
-2.65625E+00,+2.58574E+00
-2.61719E+00,+2.55434E+00
-2.57813E+00,+2.53926E+00
-2.53906E+00,+2.55685E+00
-2.50000E+00,+2.57318E+00
-2.46094E+00,+2.53926E+00
-2.42188E+00,+2.55434E+00
-2.38281E+00,+2.52419E+00
-2.34375E+00,+2.51916E+00
-2.30469E+00,+2.51916E+00
-2.26563E+00,+2.50660E+00
-2.22656E+00,+2.51413E+00
-2.18750E+00,+2.52042E+00
-2.14844E+00,+2.53047E+00
-2.10938E+00,+2.53800E+00
-2.07031E+00,+2.53800E+00
-2.03125E+00,+2.55308E+00
-1.99219E+00,+2.59454E+00
-1.95313E+00,+2.61966E+00
-1.91406E+00,+2.59831E+00
-1.87500E+00,+2.56439E+00
-1.83594E+00,+2.55182E+00
-1.79688E+00,+2.59454E+00
-1.75781E+00,+2.60584E+00
-1.71875E+00,+2.58574E+00
-1.67969E+00,+2.53549E+00
-1.64063E+00,+2.52042E+00
-1.60156E+00,+2.57444E+00
-1.56250E+00,+2.52167E+00
-1.52344E+00,+2.53800E+00
-1.48438E+00,+2.52293E+00
-1.44531E+00,+2.47645E+00
-1.40625E+00,+2.49529E+00
-1.36719E+00,+2.46388E+00
-1.32813E+00,+2.46137E+00
-1.28906E+00,+2.48901E+00
-1.25000E+00,+2.50157E+00
-1.21094E+00,+2.51162E+00
-1.17188E+00,+2.52042E+00
-1.13281E+00,+2.48650E+00
-1.09375E+00,+2.46388E+00
-1.05469E+00,+2.49780E+00
-1.01563E+00,+2.49655E+00
-976.56E-03,+2.45006E+00
-937.50E-03,+2.45760E+00
-898.44E-03,+2.49152E+00
-859.38E-03,+2.51413E+00
-820.31E-03,+2.48398E+00
-781.25E-03,+2.48650E+00
-742.19E-03,+2.53675E+00
-703.13E-03,+2.52042E+00
-664.06E-03,+2.53675E+00
-625.00E-03,+2.57067E+00
-585.94E-03,+2.60333E+00
-546.88E-03,+2.57946E+00
-507.81E-03,+2.51665E+00
-468.75E-03,+2.51539E+00
-429.69E-03,+2.53298E+00
-390.63E-03,+2.55057E+00
-351.56E-03,+2.53424E+00
-312.50E-03,+2.50032E+00
-273.44E-03,+2.47519E+00
-234.38E-03,+2.50157E+00
-195.31E-03,+2.53800E+00
-156.25E-03,+2.53047E+00
-117.19E-03,+2.52670E+00
-78.13E-03,+2.52921E+00
-39.06E-03,+2.49780E+00
